Year,Date,Subregion,Habitat,SiteID,Site_name,StationID,Dichocoenia_stokesii,Stephanocoenia_intersepta,Montastraea_cavernosa,Orbicella_spp,Pseudodiploria_strigosa,Colpophyllia_natans,Diploria_labyrinthiformis,Eusmilia_fastigiata,Meandrina_meandrites,Mycetophyllia_spp,Siderastrea_siderea,Porites_astreoides,Orbicella_annularis_complex,Orbicella_faveolata,Orbicella_franksi,Mycetophyllia_aliciae,Mycetophyllia_danaana,Mycetophyllia_ferox,Mycetophyllia_lamarckiana,Mycetophyllia_sp,Mussa_angulosa,Favia_fragum,Helioseris_cucullata,Isophyllia_rigida,Isophyllia_sinuosa,Madracis_aurentenra,Madracis_decactis,Madracis_pharensis,Madracis_scenaria,Manicina_areolata,Oculina_diffusa,Oculina_robusta,Phyllangia_americana,Porites_porites,Scleractinia,Scolymia_cubensis,Scolymia_lacera,Siderastrea_radians,Solenastrea_bournoni,Agaricia_agaricites_complex,Agaricia_fragilis,Agaricia_lamarcki,Cladocora_arbuscula
2011,7/14/2011,LK,P,26,Red Dun Reef,261,775.1,2692.3,22465,8611.5,2265.4,26311.3,0,0,0,59.4,9425.2,3104.4,8611.5,,,25.1,0,0,34.3,0,0,0,0,0,0,0,0,0,0,0,0,0,0,390.7,0,0,0,0,0,1675.9,0,0,0
2012,7/9/2012,LK,P,26,Red Dun Reef,261,519.5,2229.1,22904.3,9631.5,1955.5,8489.7,0,0,0,145.3,12881.7,2310.3,9631.5,,,56.3,0,0,89,0,0,0,0,0,0,0,69.5,0,0,0,40.9,0,0,330.1,0,17.4,0,0,0,1083.5,0,0,0
2013,7/17/2013,LK,P,26,Red Dun Reef,261,408.1,3658,25418.1,6522.7,2426.3,29507.8,0,0,0,196.1,13460.5,3123.6,2931.4,3591.3,0,69.8,0,126.3,0,0,0,0,0,0,0,0,0,0,0,0,0,0,0,0,0,0,0,0,0,1007,0,0,0
2014,8/11/2014,LK,P,26,Red Dun Reef,261,740.5,3927.5,20789.4,8908.6,1750.5,7885.6,0,0,0,118,10096.3,1904.2,8908.6,0,0,0,0,0,118,0,0,0,0,0,0,0,0,0,0,0,82.9,0,0,0,0,0,0,0,0,1018.7,0,0,0
2015,8/11/2015,LK,P,26,Red Dun Reef,261,746.4,3406.5,10218.4,7538.8,2174.2,9042.3,0,0,0,69.8,14343.2,803,7259.6,279.2,0,0,0,0,69.8,0,0,0,0,0,0,0,0,0,0,0,0,0,0,0,0,0,0,0,0,685.7,0,0,0
2016,8/11/2016,LK,P,26,Red Dun Reef,261,507.5,4201.2,26424.2,8576.2,2039.5,4426.5,0,0,0,83.4,15371.6,1261,7664.3,911.9,0,0,0,0,83.4,0,0,0,0,0,0,0,0,0,0,0,0,0,0,0,0,0,0,0,131.6,438.8,0,0,0
2017,8/18/2017,LK,P,26,Red Dun Reef,261,328.8,5565.9,27895.6,15660.2,1444.2,10472.4,0,0,0,100.3,17069,1418.3,14916.3,0,743.9,0,0,0,100.3,0,0,0,0,0,0,0,0,0,0,0,0,0,0,0,0,34.2,0,0,99.7,277.8,0,0,0
2018,8/11/2018,LK,P,26,Red Dun Reef,261,211.3,4401.6,6837.1,5121.9,1228.6,5655.6,0,0,0,118,15372.4,1004.6,4937.8,184.1,0,0,0,0,118,0,25.1,0,0,0,0,0,0,0,0,0,0,0,0,0,0,0,0,0,100.5,118,0,132.9,0
2019,7/12/2019,LK,P,26,Red Dun Reef,261,0,3874.6,5788.8,6875.7,1879.1,5653.2,0,0,0,137.1,14740,653.1,0,5812.2,1063.5,0,0,0,137.1,0,0,0,0,0,0,0,0,0,0,0,0,0,0,0,0,0,0,0,129.9,119.8,0,0,0
2020,9/15/2020,LK,P,26,Red Dun Reef,261,0,4989.8,25042.7,4736.7,0,0,0,0,0,200.9,14371,2228.8,0,4736.7,0,0,0,0,200.9,0,0,0,0,0,0,0,0,0,0,0,0,0,0,0,0,0,0,0,0,99.8,0,0,0
2021,7/14/2021,LK,P,26,Red Dun Reef,261,0,4558.2,18474.2,3368.7,0,0,0,0,0,0,12632.5,1027.4,0,3368.7,0,0,0,0,0,0,0,0,0,0,0,0,0,0,0,0,0,0,0,0,0,0,0,0,0,0,0,0,0
2022,6/14/2022,LK,P,26,Red Dun Reef,261,0,5397.1,22849.6,1964.8,0,0,0,0,0,169,14832.1,1820.4,0,0,1964.8,0,0,0,169,0,0,0,0,0,0,0,150,0,0,0,0,0,0,0,0,17.4,0,0,0,0,0,0,0
2023,6/9/2023,LK,P,26,Red Dun Reef,261,0,5742.6,17376.6,2107.3,0,0,0,0,0,0,14110.6,1862.7,0,1543.3,564,0,0,0,0,0,0,0,0,0,0,0,0,0,0,0,0,0,0,0,0,0,0,0,56.5,44.6,0,0,0
2011,7/14/2011,LK,P,26,Red Dun Reef,262,165,5034.2,30060.5,6859.1,1018,84279.1,0,182.3,0,3462.2,18201.2,3450.8,6859.1,,,1789.3,337.1,1210.7,125.1,0,0,0,0,0,0,0,0,0,0,0,331.5,0,0,0,0,0,0,45,0,0,0,0,0
2012,7/9/2012,LK,P,26,Red Dun Reef,262,0,18117.8,34350.3,3942.7,965.6,44470.6,0,213.3,0,1546.5,17897,2247.2,3942.7,,,266.2,0,0,1280.3,0,0,0,0,0,0,0,56.5,0,0,0,451.1,0,0,0,0,0,0,17.4,0,0,0,0,0
2013,7/17/2013,LK,P,26,Red Dun Reef,262,162.5,9072.6,41635.5,6247.7,889.2,46071.3,2595,429.1,0,1639.6,30990.4,5929,0,6247.7,0,680.2,0,558.5,400.9,0,0,0,0,0,0,0,0,0,0,0,69.5,0,0,52.2,0,0,0,0,0,452,0,0,0
2014,8/11/2014,LK,P,26,Red Dun Reef,262,230.9,7407.4,21243.2,4212.8,4691.9,27442.2,0,402.8,0,459.8,20146.7,1841.6,4212.8,0,0,339.4,0,0,120.4,0,0,0,0,0,0,0,0,0,0,0,0,0,0,0,0,0,0,69.5,0,0,0,0,0
2015,8/11/2015,LK,P,26,Red Dun Reef,262,179.6,10892.2,27966.1,4592.4,0,33218.2,0,586.9,0,0,23214.2,1119.6,0,250.8,4341.6,0,0,0,0,0,0,0,0,0,0,0,0,0,0,0,0,0,0,0,0,0,0,0,0,0,0,0,0
2016,8/11/2016,LK,P,26,Red Dun Reef,262,100.3,8231,30862.7,5926.1,0,25415.2,0,358.8,0,226.1,23254.8,615.8,0,5926.1,0,156.6,0,69.5,0,0,0,0,0,0,0,0,0,0,0,0,0,0,0,0,0,0,0,0,0,0,0,0,0
2017,8/18/2017,LK,P,26,Red Dun Reef,262,166.9,13802.5,36867.2,6721.6,0,28683.6,0,251.2,0,90.3,39445.6,1417.8,0,0,6721.6,0,0,0,90.3,0,0,0,0,0,0,0,0,0,0,0,245.9,0,0,0,0,0,0,25.1,0,195.2,0,0,0
2018,8/11/2018,LK,P,26,Red Dun Reef,262,206.2,8355.6,12150.6,2552.5,0,12856.3,0,108.3,0,44.5,22898.7,1008.3,0,0,2552.5,0,0,0,44.5,0,0,0,0,0,0,0,0,0,0,0,287.2,0,0,0,0,0,0,69.5,0,0,0,0,0
2019,7/12/2019,LK,P,26,Red Dun Reef,262,130.3,12155.5,15635.4,7851.5,0,12118.5,0,0,0,0,20963.6,668.6,0,7851.5,0,0,0,0,0,0,0,0,0,0,0,0,0,0,0,0,321.7,0,0,0,0,0,0,0,0,190.6,0,0,0
2020,9/15/2020,LK,P,26,Red Dun Reef,262,0,6809.7,8515.3,0,0,0,0,0,0,0,16026.1,1310.1,0,0,0,0,0,0,0,0,0,0,0,0,0,0,0,0,0,0,115,0,0,0,0,0,0,0,0,0,0,0,0
2021,7/14/2021,LK,P,26,Red Dun Reef,262,0,11300.3,13094.9,0,0,0,0,0,0,0,16224.5,1496.8,0,0,0,0,0,0,0,0,0,0,0,0,0,0,0,0,0,0,39.9,0,0,0,0,0,0,0,0,0,0,0,0
2022,6/14/2022,LK,P,26,Red Dun Reef,262,0,11126.8,7281.8,0,0,0,0,0,0,0,15258.9,1777.9,0,0,0,0,0,0,0,0,0,0,0,0,0,0,0,0,0,0,0,0,0,0,0,0,0,40.1,0,0,0,0,0
2023,6/9/2023,LK,P,26,Red Dun Reef,262,0,8540.5,9644.7,0,0,253.5,0,0,0,0,18232.1,1495.1,0,0,0,0,0,0,0,0,0,0,0,0,0,0,0,0,0,0,0,0,0,0,0,0,0,15.8,0,0,0,0,0
2014,8/11/2014,LK,P,26,Red Dun Reef,263,116,5959,59289.2,51130.5,3142.1,56325.5,1050.1,33.8,0,0,14197.8,3752.4,0,51130.5,0,0,0,0,0,0,0,0,0,0,0,0,0,0,0,0,33.8,0,0,60.1,0,25.1,0,0,0,0,0,0,0
2015,8/11/2015,LK,P,26,Red Dun Reef,263,136.8,9213.6,64030.4,67916.8,3970.7,59755.7,1887.3,0,0,0,19587,1454.7,0,67916.8,0,0,0,0,0,0,0,0,0,0,0,0,0,0,0,0,55.7,0,0,0,0,0,0,0,0,44.5,0,0,0
2016,8/11/2016,LK,P,26,Red Dun Reef,263,247.4,8166.8,40201.3,50182.9,3619.9,37977.3,336.6,0,0,0,17165.5,663.8,0,50182.9,0,0,0,0,0,0,0,0,0,0,0,0,0,0,0,0,35.7,0,0,0,0,0,0,0,1307.7,0,0,0,0
2017,8/18/2017,LK,P,26,Red Dun Reef,263,146,6313.1,47308.1,68634.6,3975.5,48468.2,330.7,0,0,0,15948.7,1008.4,0,68634.6,0,0,0,0,0,0,0,0,0,0,0,0,0,0,0,0,0,0,0,0,0,0,0,0,742.8,25.1,0,0,0
2018,8/11/2018,LK,P,26,Red Dun Reef,263,268.3,8435.6,54007.1,54132.4,4379.3,52877.6,898.1,0,0,0,20615.3,1727.3,0,54132.4,0,0,0,0,0,0,0,0,0,0,0,0,0,0,0,0,0,0,0,0,0,0,0,0,0,44.5,0,0,0
2019,7/12/2019,LK,P,26,Red Dun Reef,263,332.6,8276.2,63130,62873.7,2945.3,48822.1,938.2,0,0,0,19928.8,1440.2,0,62873.7,0,0,0,0,0,0,0,0,0,0,0,0,0,0,0,0,50.1,0,0,0,0,0,0,0,0,0,0,0,0
2020,9/15/2020,LK,P,26,Red Dun Reef,263,0,10392,69866.3,27306.8,0,5870.7,0,0,0,0,23491,2686.5,0,27306.8,0,0,0,0,0,0,0,0,0,0,0,0,0,0,0,0,0,0,0,0,0,0,0,0,0,0,0,0,0
2021,7/14/2021,LK,P,26,Red Dun Reef,263,0,7365.6,45006.3,23149.9,0,1706.1,0,0,0,0,15460.7,2135.3,0,23149.9,0,0,0,0,0,0,0,0,0,0,0,0,0,0,0,0,0,0,0,0,0,0,0,0,0,0,0,0,0
2022,6/14/2022,LK,P,26,Red Dun Reef,263,0,8173.8,38625.5,13023.8,0,4594.8,0,0,0,0,17764,1241.8,0,13023.8,0,0,0,0,0,0,0,0,0,0,0,0,0,0,0,0,0,0,0,0,0,0,0,0,165.7,156.3,0,0,0
2023,6/9/2023,LK,P,26,Red Dun Reef,263,0,7233.2,27387.6,22619.8,0,1252.1,0,0,0,0,14915.7,2533.3,0,22619.8,0,0,0,0,0,0,0,0,0,0,0,0,0,0,0,0,0,0,0,0,0,0,0,0,0,84.7,0,0,0
2014,8/11/2014,LK,P,26,Red Dun Reef,264,927.1,4545.6,16731.1,20364.1,3786.6,21156.9,225.7,1021.3,0,0,17437.3,1473.2,8221.5,12142.6,0,0,0,0,0,0,0,0,0,0,0,0,0,0,0,0,0,0,0,0,0,25.1,0,0,82.9,1332.7,0,0,0
2015,8/11/2015,LK,P,26,Red Dun Reef,264,434.6,10862.3,16958.9,28704.8,4198,14969.4,369.1,850.8,0,0,18590.9,1172.6,7621.4,21083.4,0,0,0,0,0,0,596.9,0,0,0,0,0,0,0,0,0,0,0,0,0,0,0,0,0,100.9,137.4,0,0,0
2016,8/11/2016,LK,P,26,Red Dun Reef,264,732.8,10149.4,27706.5,29677.1,904.4,10845.6,279,1708.5,0,0,17892.2,881.8,11382.9,18294.2,0,0,0,0,0,0,1039.1,0,0,0,0,0,0,0,0,0,0,0,0,0,0,0,0,0,0,0,0,0,0
2017,8/18/2017,LK,P,26,Red Dun Reef,264,718,5412,17050.2,32893.5,2158.6,11879.6,471.7,183.1,0,0,21250.1,1797.8,19108.9,11049.4,2735.2,0,0,0,0,0,1003.9,0,0,0,0,0,0,0,0,0,0,0,0,0,0,0,0,0,147.8,684.7,0,0,0
2018,8/11/2018,LK,P,26,Red Dun Reef,264,824.3,3455.4,17197.6,29112.2,837.5,9284.4,250.4,0,0,0,17377.1,1363.5,11783.1,15519.8,1809.3,0,0,0,0,0,601,0,0,0,0,0,0,0,0,0,0,0,0,0,0,34.2,0,0,0,349.8,0,0,0
2019,7/12/2019,LK,P,26,Red Dun Reef,264,319.5,8325,15255.3,35508.2,1336.6,10850.4,0,0,0,0,21015.9,2306.5,12985.2,22523,0,0,0,0,0,0,856.7,0,0,0,0,0,0,0,0,0,0,0,0,0,0,0,0,0,0,479,0,0,0
2020,9/15/2020,LK,P,26,Red Dun Reef,264,0,6455.8,3196.8,5395.4,25.1,0,0,0,0,0,18608.9,883.6,969.7,4425.7,0,0,0,0,0,0,250.7,0,0,0,0,0,0,0,0,0,0,0,0,0,0,25.1,0,0,96.6,682.2,0,0,0
2021,7/14/2021,LK,P,26,Red Dun Reef,264,0,4654.1,485.7,11203.2,25.1,0,0,0,0,0,21721.4,1993.1,586.7,10616.5,0,0,0,0,0,0,636.7,0,0,0,0,0,0,0,0,0,0,0,0,0,0,34.2,0,0,0,85.1,0,0,0
2022,6/14/2022,LK,P,26,Red Dun Reef,264,0,5630.6,3155,5509.7,0,0,0,0,0,0,18714.9,3181.8,1061.9,4447.8,0,0,0,0,0,0,110.5,0,0,0,0,0,0,0,0,0,0,0,0,0,0,34.2,0,0,131.5,820.2,0,0,0
2023,6/9/2023,LK,P,26,Red Dun Reef,264,0,7904.8,875.5,4685,0,0,0,0,0,0,23494.5,1101.4,1121.2,3563.8,0,0,0,0,0,0,142.5,0,0,0,0,0,0,0,0,0,0,0,0,0,0,78.7,0,0,153.4,642.9,0,0,0
2011,7/20/2011,LK,P,36,West Washer Women,361,0,3005.6,20446.6,64612.9,0,70151.1,2255.9,0,0,2473.1,14634.4,1137.1,64612.9,,,2063.3,0,0,375.6,34.2,390.8,0,0,0,0,0,1347.5,0,0,0,84.3,0,0,0,0,0,0,0,1643.6,3448.4,0,0,0
2012,7/17/2012,LK,P,36,West Washer Women,361,0,3217.4,20612.2,76604.5,0,81274.2,2956.6,0,0,4218.5,17755.6,1265,76604.5,,,3714,0,0,504.5,0,570.2,0,0,0,0,0,800.6,0,0,0,100.5,0,0,0,0,0,0,0,1400.4,3912.4,0,0,0
2013,7/17/2013,LK,P,36,West Washer Women,361,0,2936.3,16139.8,91581.3,0,81449.3,3378.5,0,0,3649.8,16094.5,933.2,0,91581.3,0,3276.7,0,0,373.1,0,160,0,0,0,0,0,0,849.1,0,0,82.9,0,0,0,0,0,0,0,1575.9,3153.9,0,0,0
2014,8/11/2014,LK,P,36,West Washer Women,361,0,3374.7,15621.5,50181.7,0,67641.8,2677.4,0,0,4636.9,12870.8,630.4,0,50181.7,0,4237.2,0,0,399.7,0,225.7,0,0,0,0,0,1098,0,0,0,110.5,0,0,0,3509,0,0,0,1526.4,2261.9,0,0,0
2015,8/10/2015,LK,P,36,West Washer Women,361,0,1968,41595.3,87562.1,0,62785.7,2761.7,0,0,4361.8,17470.5,1356.6,0,87562.1,0,0,0,4330.5,31.3,0,0,0,0,0,0,0,0,0,0,0,0,0,0,0,0,0,0,0,1169.4,2182.3,0,0,0
2016,8/11/2016,LK,P,36,West Washer Women,361,0,4168.4,34850.7,68160.6,0,53791.2,2413.4,0,0,4885.6,22462,1419.7,0,68160.6,0,0,0,0,4885.6,0,0,0,0,0,0,0,0,0,0,0,0,0,0,0,0,0,0,0,1095.5,1337.5,0,0,0
2017,8/17/2017,LK,P,36,West Washer Women,361,38.2,5171.4,27190.8,87174.7,0,74939.9,3949.2,0,0,2832.5,20529.4,663.6,0,72748.9,14425.8,2832.5,0,0,0,0,0,0,0,0,0,0,0,0,0,0,0,0,0,0,0,0,0,0,1341.3,1660.9,0,0,0
2018,8/10/2018,LK,P,36,West Washer Women,361,0,3645.8,46443.1,89812,0,57038,2790.2,0,0,1660.7,18284.3,2301.1,0,77362.5,12449.5,1660.7,0,0,0,0,0,0,0,0,0,0,0,0,0,0,0,0,0,97.9,0,34.2,0,34.3,190.8,25.1,0,0,0
2019,7/12/2019,LK,P,36,West Washer Women,361,0,5028,16738.3,102300.6,0,49680,0,0,0,17.4,18090.8,871.1,0,99827.9,2472.7,0,0,0,17.4,0,0,0,0,0,0,0,0,0,0,0,0,0,0,38.6,0,0,0,0,0,0,0,0,0
2020,9/17/2020,LK,P,36,West Washer Women,361,0,2887.9,17365.5,72243.3,0,60227.3,0,0,0,34.2,17550.6,1684.8,0,72243.3,0,0,0,0,34.2,0,0,0,0,0,0,0,0,0,0,0,0,0,0,124.9,0,0,0,0,0,0,0,0,0
2021,7/14/2021,LK,P,36,West Washer Women,361,0,4284.4,57359.5,67583.4,0,44147.2,0,0,0,25.1,19674.3,2600,0,67583.4,0,0,0,0,25.1,0,0,0,0,0,0,0,0,0,0,0,0,0,0,0,0,0,0,0,0,0,0,0,0
2022,6/11/2022,LK,P,36,West Washer Women,361,0,3415.5,19438.4,72606.6,0,49491.1,0,0,0,34.3,17613.8,2961.9,0,72257.8,348.8,0,0,0,34.3,0,0,0,0,0,0,0,0,0,0,0,0,0,0,194.6,0,0,0,0,0,0,0,0,0
2023,6/9/2023,LK,P,36,West Washer Women,361,0,6482.5,18524.3,80708.4,0,61000,0,0,0,84.1,20192.6,2607.2,0,80708.4,0,0,0,0,84.1,0,0,0,0,0,0,0,0,0,0,0,0,0,0,201.4,0,0,0,0,84.4,144.7,0,0,0
2011,7/21/2011,LK,P,36,West Washer Women,362,0,3506.6,17481.8,31759.9,3556.1,15357.2,0,0,0,256.1,14498.1,2348.9,31759.9,,,0,0,256.1,0,0,509.4,0,0,0,0,0,0,0,0,0,0,0,0,119.1,0,17.4,0,0,0,202.9,0,0,0
2012,7/17/2012,LK,P,36,West Washer Women,362,56.5,7725.4,23399.5,39484,1098.1,17317.8,0,0,0,42.4,15712,3434.9,39484,,,0,0,0,42.4,0,0,0,0,0,0,0,0,0,0,44.5,0,0,0,432.2,469.8,0,0,0,0,323.9,0,0,0
2013,7/17/2013,LK,P,36,West Washer Women,362,0,4778.2,26163.6,34496.5,2038.5,20749.5,2595,0,0,44.6,25814,3812.4,0,34496.5,0,44.6,0,0,0,0,0,0,0,0,0,0,0,0,0,0,0,0,0,52.2,0,0,0,0,0,450.4,0,0,0
2014,8/11/2014,LK,P,36,West Washer Women,362,0,2874.9,19889,29480.9,1344.5,20503.4,0,0,0,34.3,24473.5,1937.4,29480.9,0,0,34.3,0,0,0,0,0,0,0,0,0,0,0,0,0,0,0,0,0,337,0,0,0,0,0,163.8,28.7,0,0
2015,8/10/2015,LK,P,36,West Washer Women,362,0,8886.9,14936.1,61270.1,1035.1,22329.4,0,0,0,251.5,20846.7,2296.5,0,61270.1,0,136.6,0,25.1,89.8,0,558.7,0,0,0,0,0,0,0,0,0,0,0,0,0,0,0,0,0,1006.8,155.2,0,0,0
2016,8/11/2016,LK,P,36,West Washer Women,362,0,7286.4,21936.9,29120.1,1235.6,20399.7,0,0,0,0,24692,1830.4,0,29120.1,0,0,0,0,0,0,899,0,0,0,0,0,0,0,0,0,0,0,0,29.9,0,0,0,0,0,90.5,0,0,0
2017,8/17/2017,LK,P,36,West Washer Women,362,0,7038.9,19594.2,120707.3,369.2,27261.2,3165.7,0,0,0,32692.3,4190.2,0,120707.3,0,0,0,0,0,0,401.1,0,0,0,0,0,0,0,0,0,0,0,0,268.4,0,0,0,0,0,17.4,0,0,0
2018,8/10/2018,LK,P,36,West Washer Women,362,0,6786.4,13255.4,52835.1,440.4,21306,0,0,0,84.3,22353.7,2630.1,0,52835.1,0,0,0,0,84.3,0,456.1,0,0,0,0,0,0,0,0,0,0,0,0,149.6,0,0,0,0,0,212.5,0,0,0
2019,7/12/2019,LK,P,36,West Washer Women,362,0,8233.1,23158.4,41128.9,0,12074.9,0,0,0,0,24647.6,3163.8,0,41128.9,0,0,0,0,0,0,557.5,0,0,0,0,0,0,0,0,0,0,0,0,978.5,0,0,0,0,0,221.6,0,0,0
2020,9/17/2020,LK,P,36,West Washer Women,362,0,8264.6,20574.1,42335.2,0,5470.2,0,0,0,637,27151.9,3659.3,0,42335.2,0,435.5,0,0,201.5,0,412.8,0,0,0,0,0,0,0,0,0,0,0,0,277.8,0,0,0,12.5,0,389.3,0,0,0
2021,7/14/2021,LK,P,36,West Washer Women,362,0,5761.3,23785.1,33396.9,0,5399.5,0,0,0,0,21589.1,3969.5,0,33396.9,0,0,0,0,0,0,677.5,0,0,0,0,0,0,0,0,0,0,0,0,1039.7,0,0,0,0,0,380.7,0,0,0
2022,6/11/2022,LK,P,36,West Washer Women,362,0,7358.2,18212.4,38003.2,0,5363.9,0,0,0,337.8,26653.8,3579.4,0,38003.2,0,0,0,0,337.8,0,336.3,0,0,0,0,0,0,0,0,0,0,0,0,1152.5,0,0,0,0,0,593.7,0,0,0
2023,6/9/2023,LK,P,36,West Washer Women,362,0,5303,16679,65816.9,0,3590.7,0,0,0,168.3,19024.1,4552.3,0,65816.9,0,168.3,0,0,0,0,469.6,0,0,0,0,0,0,0,0,0,0,0,0,1154.2,0,0,0,0,0,368.2,0,0,0
2011,7/21/2011,LK,P,36,West Washer Women,363,0,1349.4,41034.1,0,0,5031.9,0,0,0,1820.5,14379.3,2744.4,0,,,0,0,948.1,872.4,0,0,0,0,0,0,0,0,0,0,0,0,0,0,0,0,0,0,0,1849.7,310.8,0,0,0
2012,7/17/2012,LK,P,36,West Washer Women,363,0,7199.7,127693.8,29584.3,0,66410.8,0,0,0,5038.4,48957,7098.9,29584.3,,,278.2,1541.5,594.8,2623.9,0,0,0,0,0,0,0,0,0,0,0,0,0,0,981.5,0,0,0,0,3777.2,1175.3,0,69.8,0
2013,7/17/2013,LK,P,36,West Washer Women,363,0,5166.1,156496.9,47138.1,0,39406.5,0,0,0,1928.2,35654.8,3072.4,0,47138.1,0,903,0,225.7,799.5,0,0,0,0,0,0,0,0,0,0,0,0,0,0,1389.7,0,0,0,307.9,0,390.8,0,0,0
2014,8/11/2014,LK,P,36,West Washer Women,363,0,6938.1,101694.1,40152.1,0,87537.7,0,0,0,3195.3,44159.5,5658.7,6630.5,33521.6,0,778.8,0,1317.6,1098.9,0,0,0,0,0,0,0,0,0,0,0,0,0,0,1124.7,0,0,0,264.3,0,789.6,66,0,0
2015,8/10/2015,LK,P,36,West Washer Women,363,0,9113.2,119941.2,37840.3,0,75464.2,0,0,0,2617,49938.3,4737.8,0,37840.3,0,1887.7,0,280.5,448.8,0,0,0,0,0,0,0,0,0,0,0,0,0,0,2060.7,0,0,0,0,0,361.7,0,0,0
2016,8/11/2016,LK,P,36,West Washer Women,363,0,8004.1,87347.9,25197.8,0,68948.3,0,0,0,1453.1,48873.2,3953.4,0,25197.8,0,1170.2,0,214.6,68.3,0,0,0,0,0,0,0,0,0,0,0,0,0,0,1666.6,0,0,0,0,0,107.2,0,0,0
2017,8/17/2017,LK,P,36,West Washer Women,363,0,10878,121288,34977.9,0,84515.9,0,0,0,1521.5,42068.6,5537.5,0,34977.9,0,1285,0,236.5,0,0,0,0,0,0,0,0,0,0,0,0,0,0,0,2981.3,0,0,0,307.4,0,86.5,0,0,0
2018,8/10/2018,LK,P,36,West Washer Women,363,0,11117.2,124257.6,20832.5,0,70085.3,0,0,0,1838.9,37387.6,4246.2,0,20832.5,0,1381.7,0,307.4,149.8,0,0,0,0,0,0,0,0,0,0,0,0,0,0,545.4,0,0,0,0,0,67.5,0,0,0
2019,7/12/2019,LK,P,36,West Washer Women,363,0,9352.5,125704.9,20943.7,0,36860.2,0,0,0,1517.4,31575.6,4472.8,0,20943.7,0,1111.6,0,336.3,69.5,0,0,0,0,0,0,0,0,0,0,0,0,0,0,275.5,0,0,0,0,0,0,0,0,0
2020,9/17/2020,LK,P,36,West Washer Women,363,0,10718.6,61025.5,19491.6,0,16971.7,0,0,0,1762.2,37618.1,5744.2,0,19491.6,0,1425.9,0,336.3,0,0,0,0,0,0,0,0,0,0,0,0,0,0,0,1247.5,0,0,0,0,0,140.6,0,0,0
2021,7/14/2021,LK,P,36,West Washer Women,363,0,10803.7,128031,7587.1,0,10164.5,0,0,0,1953.5,44153.5,7079.5,0,7587.1,0,1378.8,0,396.6,178.1,0,0,0,0,0,0,0,0,0,0,0,0,0,0,1131.7,0,0,0,34.2,0,203.1,0,0,0
2022,6/11/2022,LK,P,36,West Washer Women,363,0,9141,79677.9,8533.1,0,17467.6,0,0,0,1168.6,38054,6252.3,0,8533.1,0,875.5,0,293.1,0,0,0,0,0,0,0,0,0,0,0,0,0,0,0,2043.2,0,0,0,0,0,153.7,0,0,0
2023,6/9/2023,LK,P,36,West Washer Women,363,0,11066.1,69934.4,20378.4,0,23257.9,0,0,0,1782.3,38573.9,6162.7,0,20378.4,0,1346.6,0,435.7,0,0,0,0,0,0,0,0,103.9,0,0,0,0,0,0,2635.8,0,0,0,0,0,154,0,0,0
2011,7/21/2011,LK,P,36,West Washer Women,364,136.6,6791.7,144499.4,9720,0,42020.3,0,0,0,430.8,21204.3,3659.1,9720,,,0,178.1,0,252.7,0,0,0,0,0,0,0,0,0,0,0,0,0,0,40.3,0,0,0,45,0,973.9,0,0,0
2012,7/17/2012,LK,P,36,West Washer Women,364,79.9,7705.2,137207.9,13373.2,0,26784.5,0,0,0,407.2,13867.1,3593.5,13373.2,,,0,0,0,407.2,0,0,0,0,0,0,0,0,0,0,0,0,0,0,48.3,0,0,0,17.4,0,1216.1,0,0,0
2013,7/17/2013,LK,P,36,West Washer Women,364,64.9,7139.3,118813,12341.7,0,29727.8,0,0,0,372.1,16702.5,1990.7,0,12341.7,0,0,0,0,372.1,0,0,0,0,0,0,0,0,0,0,0,0,0,0,115.5,0,0,0,0,0,166.7,0,0,0
2014,8/11/2014,LK,P,36,West Washer Women,364,109.3,8056,97981.9,11157.4,0,34329.8,0,0,0,299.2,19410.4,1734.5,0,11157.4,0,169,0,0,130.2,0,0,0,0,0,0,0,0,0,0,0,0,0,0,100.4,0,0,0,74.9,0,483.9,0,0,0
2015,8/10/2015,LK,P,36,West Washer Women,364,79.9,6230.2,101072.5,11157.4,0,33340.2,0,0,0,31.6,19903.5,2000.3,0,11157.4,0,0,0,0,31.6,0,0,0,0,0,0,0,0,0,0,0,0,0,0,238.8,0,0,0,107.7,0,309.1,0,0,0
2016,8/11/2016,LK,P,36,West Washer Women,364,178.7,8268.6,122527.3,10859.4,0,27619.6,0,0,0,25.1,24991.7,2046.9,0,10859.4,0,0,0,0,25.1,0,0,0,0,0,0,0,0,0,0,0,0,0,0,0,0,0,0,0,0,117.8,0,0,0
2017,8/17/2017,LK,P,36,West Washer Women,364,0,12533,114575.7,11202.7,0,36131.3,0,0,0,88.8,26965.8,2384.8,0,11202.7,0,0,0,0,88.8,0,0,0,0,0,0,0,0,0,0,0,0,0,0,0,0,0,0,0,0,0,0,0,0
2018,8/10/2018,LK,P,36,West Washer Women,364,0,6785.4,129878.9,12934.8,0,28076.4,0,0,0,17.4,16493.5,911.2,0,12934.8,0,0,0,0,17.4,0,0,0,0,0,0,0,0,0,0,0,0,0,0,0,0,0,0,53.5,0,0,0,0,0
2019,7/12/2019,LK,P,36,West Washer Women,364,0,10414,197753.7,6501.7,0,13337,0,0,0,0,23956,2171.1,0,6501.7,0,0,0,0,0,0,0,0,0,0,0,0,0,0,0,0,0,0,0,529.7,0,112.8,0,0,0,0,0,0,0
2020,9/17/2020,LK,P,36,West Washer Women,364,0,10642.2,127983.6,13156.1,0,7355.2,0,0,0,62,24580.8,2724,0,13156.1,0,17.4,0,0,44.6,0,0,0,0,0,0,0,0,0,0,0,0,0,0,86.8,0,0,0,0,0,0,0,0,0
2021,7/14/2021,LK,P,36,West Washer Women,364,0,9815.7,90536.4,15548.6,0,2234.6,0,0,0,0,19566.9,2475.4,0,15548.6,0,0,0,0,0,0,0,0,0,0,0,0,0,0,0,0,0,0,0,473.1,0,0,0,178.1,0,0,0,0,0
2022,6/11/2022,LK,P,36,West Washer Women,364,0,8397.1,80178.2,11573.2,0,2443.5,0,0,0,34.2,16356.2,2169.9,0,11573.2,0,0,0,0,34.2,0,0,0,0,0,0,0,0,0,0,0,0,0,0,128.3,0,0,0,174.4,0,0,0,0,0
2023,6/9/2023,LK,P,36,West Washer Women,364,0,10259.3,97852.7,13914.6,0,3660.8,0,0,0,56.3,26224.6,3761,0,13914.6,0,56.3,0,0,0,0,0,0,0,0,0,0,0,0,0,0,0,0,0,191.5,0,0,0,0,0,0,0,0,0
2011,7/19/2011,LK,P,37,Western Head,371,835.9,10541.5,56348.1,4628.8,0,4301.2,0,0,0,0,18422.1,222.5,4628.8,,,0,0,0,0,0,0,0,0,0,0,0,3316.1,0,0,0,3873.3,0,0,0,0,25.1,0,0,0,380.1,0,0,44.6
2012,7/11/2012,LK,P,37,Western Head,371,591.7,9105.4,104145.3,6248.9,0,4359.4,0,0,0,0,17202,275.1,6248.9,,,0,0,0,0,0,0,0,0,0,0,0,0,0,0,0,3102.4,0,0,0,0,0,0,0,0,0,0,0,0
2013,7/16/2013,LK,P,37,Western Head,371,558.5,11364,65259.5,5979.4,0,7545.9,0,0,0,0,18173.2,319.5,1058.4,4921,0,0,0,0,0,0,0,0,0,0,0,0,6361.5,0,0,0,2002.8,0,0,0,0,0,0,0,335.7,0,0,0,0
2014,8/3/2014,LK,P,37,Western Head,371,1946.7,13618,113263.9,6056.1,0,3552.1,3419,0,0,0,25731.2,184.6,0,4456,1600.1,0,0,0,0,0,0,0,0,0,0,0,0,0,0,0,669.5,0,0,0,0,0,0,0,501,0,0,0,0
2015,8/6/2015,LK,P,37,Western Head,371,665.8,12411.9,80148,2417.6,0,5066.1,0,0,0,0,24635.1,278.1,0,2417.6,0,0,0,0,0,0,0,0,0,0,0,0,567.8,0,0,0,328.8,0,0,0,0,0,0,0,0,0,0,0,0
2016,9/17/2016,LK,P,37,Western Head,371,1144,9493.2,55759.6,2861.9,0,4971,0,0,0,0,23414.8,245.7,0,0,2861.9,0,0,0,0,0,0,0,0,0,0,0,493,0,0,0,54.6,0,0,0,0,0,0,0,0,0,0,0,0
2017,12/7/2017,LK,P,37,Western Head,371,798.6,8842.8,62087.9,2807.8,0,3133.3,0,0,0,0,22036.3,155.1,0,2807.8,0,0,0,0,0,0,0,0,0,0,0,0,177.9,0,0,0,126,0,0,0,0,0,0,0,0,0,0,0,0
2018,8/14/2018,LK,P,37,Western Head,371,579.8,12857.3,64920.6,7010.8,0,1072.1,0,0,0,0,22949.6,570.1,0,5085.6,1925.2,0,0,0,0,0,0,0,0,0,0,0,0,0,0,0,400.9,0,0,0,0,0,0,0,401.4,0,0,0,533.9
2019,7/16/2019,LK,P,37,Western Head,371,826.8,13324.4,66372.6,2406.7,0,80.4,0,0,0,0,28479.4,175.1,0,2406.7,0,0,0,0,0,0,0,0,0,0,0,0,0,0,1597.5,0,1071,0,0,0,0,34.2,0,0,0,0,0,0,0
2020,9/16/2020,LK,P,37,Western Head,371,334.3,9621,33475.7,559.2,0,0,0,0,0,0,23884.3,222.6,0,559.2,0,0,0,0,0,0,0,0,0,0,0,0,0,0,0,0,0,0,0,0,0,0,0,0,0,0,0,0,0
2021,7/19/2021,LK,P,37,Western Head,371,602.3,13133.6,46418.8,361.9,0,0,0,0,0,0,16736.9,184.1,0,361.9,0,0,0,0,0,0,0,0,0,0,0,0,1007.2,0,0,0,123.4,0,0,0,0,0,0,0,0,0,0,0,0
2022,6/15/2022,LK,P,37,Western Head,371,249.8,12872.1,38800.1,390.8,0,0,0,0,0,0,18219.4,0,0,390.8,0,0,0,0,0,0,0,0,0,0,0,0,561.8,0,0,0,0,0,0,0,0,0,0,0,0,0,0,0,0
2023,6/12/2023,LK,P,37,Western Head,371,173.7,10684.7,31524.3,361.1,0,0,0,0,0,0,11771.4,0,0,361.1,0,0,0,0,0,0,0,0,0,0,0,0,0,0,1480,0,0,0,0,0,0,0,0,0,0,0,0,0,0
2011,7/19/2011,LK,P,37,Western Head,372,0,2179.8,67444.3,30105.6,14942.8,32890.9,0,0,0,1408.6,5875.8,1055.3,30105.6,,,1408.6,0,0,0,0,0,0,0,0,0,0,631.4,0,0,0,3622.2,0,0,0,0,0,0,0,3799,0,0,0,84.4
2012,7/10/2012,LK,P,37,Western Head,372,201.5,2906.3,62216.9,19200.1,19435,27377.5,0,0,0,1003.7,7728.1,1012.8,19200.1,,,1003.7,0,0,0,0,0,0,0,0,0,0,1226,0,0,0,4358,0,0,0,0,0,0,0,1221.7,0,0,0,84.8
2013,7/16/2013,LK,P,37,Western Head,372,405.8,3064.5,62829.3,20586.2,16090.1,25673.7,0,0,0,959.9,7454.3,1081.5,0,20586.2,0,959.9,0,0,0,0,0,0,0,0,0,722.4,0,0,0,0,163.7,3915.5,0,0,0,0,0,0,69.5,0,0,0,0
2014,8/13/2014,LK,P,37,Western Head,372,0,1909.9,42640.1,19488.1,14605.3,28194.4,0,0,0,959.9,6096.8,758.2,0,19488.1,0,959.9,0,0,0,0,0,0,0,0,0,0,763.3,0,0,0,820.2,0,0,0,0,0,0,0,56.5,0,0,0,0
2015,8/6/2015,LK,P,37,Western Head,372,561.6,2749.4,60389.3,16198.4,0,33363.7,0,0,0,802.5,7952.7,1057.2,0,16198.4,0,802.5,0,0,0,0,0,0,0,0,0,0,0,0,0,0,0,0,0,0,0,0,0,0,0,0,0,0,0
2016,9/17/2016,LK,P,37,Western Head,372,402,2731.9,64259.7,17409.6,17983,39385.3,0,0,0,558.8,6611,419,0,17409.6,0,558.8,0,0,0,0,0,0,0,0,0,0,671.9,0,0,0,160.8,0,0,0,0,0,0,0,99.7,0,0,0,0
2017,12/7/2017,LK,P,37,Western Head,372,253.8,3826.8,61842,117.7,0,14225.5,0,0,0,475.5,7535.1,547.4,0,117.7,0,475.5,0,0,0,0,0,0,0,0,0,0,535.4,0,0,0,0,0,243.6,0,0,0,0,0,0,0,0,0,0
2018,8/14/2018,LK,P,37,Western Head,372,382.3,1351.9,32071.8,23656.3,0,35791.3,0,25.1,0,0,10344.7,385.5,0,23656.3,0,0,0,0,0,0,0,0,0,0,0,0,957.7,0,0,0,67.7,0,17.4,0,0,0,0,0,0,0,0,0,0
2019,7/16/2019,LK,P,37,Western Head,372,680.8,5226,56667.6,4101,20413.4,5409,26160.2,94.7,0,0,8257.2,389.9,0,4101,0,0,0,0,0,0,0,0,0,0,0,0,0,0,0,0,160.3,0,173.6,0,0,0,0,0,196.7,0,0,0,0
2020,9/16/2020,LK,P,37,Western Head,372,0,3426.7,39275.4,0,0,0,0,0,0,0,8294.4,810.8,0,0,0,0,0,0,0,0,0,0,0,0,0,0,1398.9,0,0,0,0,0,0,0,0,0,0,0,0,0,0,0,0
2021,7/19/2021,LK,P,37,Western Head,372,0,2122.8,26215,0,0,0,0,0,0,0,6225.6,483.9,0,0,0,0,0,0,0,0,0,0,0,0,0,0,3442.3,0,0,0,0,0,0,0,0,0,0,0,0,0,0,0,0
2022,6/15/2022,LK,P,37,Western Head,372,0,2352.9,14478.8,0,0,0,0,0,0,0,4832.9,810.6,0,0,0,0,0,0,0,0,0,0,0,0,0,0,0,0,0,0,0,0,0,0,0,25.1,0,0,0,0,0,0,0
2023,6/12/2023,LK,P,37,Western Head,372,0,2600,16133.5,0,0,0,0,0,0,0,7810.1,649.7,0,0,0,0,0,0,0,0,0,0,0,0,0,0,2646.7,0,0,0,0,0,201.1,0,0,34.2,0,0,0,0,0,0,0
2011,7/19/2011,LK,P,37,Western Head,373,1041.1,6187.4,195115.9,4403.1,1321.4,9453.1,0,0,5627.6,1226.3,16759.3,1093,4403.1,,,1226.3,0,0,0,0,0,0,0,0,0,0,0,0,0,0,2238.7,0,0,0,0,0,0,0,0,35.6,0,3896.7,0
2012,7/10/2012,LK,P,37,Western Head,373,2630.1,8376.6,201070.6,1744.2,238.7,18641.7,0,0,5141.3,1164.1,18690.3,713.8,1744.2,,,1164.1,0,0,0,0,0,0,0,0,0,0,0,0,0,0,1318.2,0,0,0,0,0,34.2,0,0,0,0,3846.7,0
2013,7/16/2013,LK,P,37,Western Head,373,1159.3,5161,144711.6,1412,226.6,3111.8,0,0,4517,771.4,16162.6,1543.8,185.7,0,1226.3,771.4,0,0,0,0,0,0,0,0,0,0,0,0,0,0,1668.4,0,0,0,0,0,0,0,0,0,0,4321.4,0
2014,8/11/2014,LK,P,37,Western Head,373,1241.9,4686.6,195727.1,6776.5,1426.8,1979.2,0,0,3150.1,1003.4,15279.8,1514.5,0,152.1,6624.4,1003.4,0,0,0,0,0,0,0,0,0,0,0,0,0,0,131.5,0,0,0,0,0,0,0,0,0,0,0,0
2015,8/6/2015,LK,P,37,Western Head,373,1345,4684.5,163874.5,1717,301.2,11326.7,0,0,3681.9,835,21672,1603.7,0,1717,0,835,0,0,0,0,0,0,0,0,0,0,0,0,0,0,123.3,0,0,0,0,0,0,0,470.1,0,0,2399.9,0
2016,9/17/2016,LK,P,37,Western Head,373,1185.8,9105.6,158344.7,3062.1,523.2,3036.5,0,0,3082.6,1310.8,21600.6,1163.4,0,3062.1,0,1310.8,0,0,0,0,0,0,0,0,0,0,0,0,0,0,258.1,0,0,0,0,0,0,0,1138.5,0,0,6857,0
2017,12/7/2017,LK,P,37,Western Head,373,157.1,7055.3,137054.9,129.3,457.6,12786.9,0,0,1204.5,1028.3,18835.2,1235.5,0,129.3,0,1028.3,0,0,0,0,0,0,0,0,0,0,0,0,0,0,516.9,0,0,0,0,0,0,0,1240.6,0,0,2571.8,0
2018,8/14/2018,LK,P,37,Western Head,373,214.9,6426.6,155037.9,2063.3,0,680.3,0,0,602.3,1582.4,17113,1782.8,0,2063.3,0,1582.4,0,0,0,0,0,0,0,0,0,0,0,0,0,0,1056.5,0,0,0,0,0,0,0,1009.2,0,0,2527.4,0
2019,7/16/2019,LK,P,37,Western Head,373,0,9367.6,160653.6,4448.6,94.2,400.7,0,0,394.6,938.3,22331.6,2574,0,4448.6,0,938.3,0,0,0,0,0,0,0,0,0,0,0,0,0,0,1977.5,0,33.5,0,0,0,0,0,0,3693.8,0,0,0
2020,9/16/2020,LK,P,37,Western Head,373,0,6822,108004.9,0,0,0,0,0,0,0,19677,2608.8,0,0,0,0,0,0,0,0,0,0,0,0,0,0,0,0,0,0,82.3,0,0,0,0,0,0,0,0,0,0,3820.5,0
2021,7/19/2021,LK,P,37,Western Head,373,0,7173.2,104742.9,0,0,0,0,0,0,0,17243.9,3244.7,0,0,0,0,0,0,0,0,0,0,0,0,0,0,0,0,0,0,135,0,0,0,0,0,0,0,0,0,0,3156.9,0
2022,6/15/2022,LK,P,37,Western Head,373,0,6936.8,141463.6,0,0,0,0,0,0,0,17528.7,56.5,0,0,0,0,0,0,0,0,0,0,0,0,0,0,0,0,0,0,24.9,0,0,0,0,0,0,0,0,0,0,3977.1,0
2023,6/12/2023,LK,P,37,Western Head,373,0,4229.9,96995.9,0,0,0,0,0,0,0,19985.1,2613,0,0,0,0,0,0,0,0,0,0,0,0,0,0,0,0,0,0,0,0,0,0,0,0,0,0,0,0,0,0,0
2011,7/19/2011,LK,P,37,Western Head,374,4107.9,2646.7,84741.2,122,1569.5,5392.3,0,0,0,4451.7,5237.7,51.7,122,,,4451.7,0,0,0,0,0,0,0,0,0,0,0,0,0,0,3358.4,0,0,0,0,17.4,0,0,0,0,0,0,82.9
2012,7/11/2012,LK,P,37,Western Head,374,4410.7,3489.3,88087.8,4713,0,9290.3,0,0,0,3501.8,7177.6,1051.6,4713,,,3501.8,0,0,0,0,0,0,0,0,0,0,0,0,0,0,5291.3,0,0,0,0,0,0,0,0,0,0,0,0
2013,7/16/2013,LK,P,37,Western Head,374,5230,5274.2,114516.5,769.5,0,3821.3,0,0,25.1,6823.2,15813.9,1821,0,769.5,0,6823.2,0,0,0,0,0,0,0,0,0,0,0,0,0,0,2887,0,0,0,0,25.1,0,117.9,482.8,758.5,0,0,0
2014,8/11/2014,LK,P,37,Western Head,374,3919.3,3706.1,91106.2,5996.9,14499.2,1322,0,0,0,6035.5,6046.2,605.7,368.4,5628.5,0,0,0,0,0,6035.5,0,0,0,0,0,0,0,0,0,0,2576.8,0,0,0,0,0,0,0,0,601,0,0,0
2015,8/6/2015,LK,P,37,Western Head,374,2157,6881.9,125048.3,3119.1,14910.1,7754.7,0,0,0,0,11895.9,162.5,0,3119.1,0,0,0,0,0,0,0,0,0,0,0,0,0,0,0,0,0,20.6,0,0,0,0,0,0,635.4,0,0,0,0
2016,9/17/2016,LK,P,37,Western Head,374,3011.8,4684.4,110128.4,401.5,8161.5,1143.3,0,0,0,1755.1,12373.3,1013.2,0,401.5,0,1755.1,0,0,0,0,0,0,0,0,0,0,0,0,0,0,72.3,0,0,0,0,0,0,0,641.5,0,0,0,0
2017,12/7/2017,LK,P,37,Western Head,374,1832.8,5314.5,81828.4,195.3,11202.7,1863.5,0,0,0,0,13708.7,667.4,0,195.3,0,0,0,0,0,0,0,0,0,0,0,0,0,0,0,0,69.1,0,0,0,0,0,0,23.8,703.5,0,0,0,0
2018,8/14/2018,LK,P,37,Western Head,374,823.5,5962.7,74184.2,1849,10617,5346.2,0,0,0,0,10426.7,60.5,0,1849,0,0,0,0,0,0,0,0,0,0,0,0,0,0,0,0,858.9,0,0,0,0,0,0,0,0,0,0,0,0
2019,7/16/2019,LK,P,37,Western Head,374,2464.3,5557.6,94823.6,0,11298.7,2483.2,0,0,0,1173.5,16508,470.4,0,0,0,1173.5,0,0,0,0,0,0,0,0,0,0,0,0,0,0,570.8,0,221,0,0,0,0,0,699.3,0,0,0,0
2020,9/16/2020,LK,P,37,Western Head,374,1091.4,5409.4,66349.6,0,0,0,0,0,0,0,9837,1305.1,0,0,0,0,0,0,0,0,0,0,0,0,0,0,0,0,0,0,4.5,0,0,0,0,0,0,0,0,0,0,0,0
2021,7/19/2021,LK,P,37,Western Head,374,673.2,5335.4,46055.6,0,0,0,0,0,0,0,7161.9,258.6,0,0,0,0,0,0,0,0,0,0,0,0,0,0,0,0,0,0,0,0,25.1,0,0,0,0,0,0,0,0,0,0
2022,6/15/2022,LK,P,37,Western Head,374,364.8,5251.5,54083.4,0,0,0,0,0,0,0,10856.4,853.4,0,0,0,0,0,0,0,0,0,0,0,0,0,0,0,0,0,0,0,0,0,0,0,0,0,0,0,0,0,0,0
2023,6/12/2023,LK,P,37,Western Head,374,455.2,4355.2,56909.4,0,0,0,0,0,0,0,8761,1375.1,0,0,0,0,0,0,0,0,0,0,0,0,0,0,0,0,0,0,55.7,0,0,0,0,0,0,0,0,0,0,0,0
2011,7/20/2011,LK,P,38,Cliff Green,381,1264.4,6742.9,33849.1,34182.6,0,5146.1,1329,0,2250.6,0,27395.5,1244.3,34182.6,,,0,0,0,0,0,0,0,0,0,0,0,0,0,0,0,423.1,0,0,0,0,0,0,0,677.5,309.1,0,0,0
2012,7/18/2012,LK,P,38,Cliff Green,381,837.2,8235.9,24939,29101.4,1161.7,5134.5,337.6,0,921.4,0,29080.1,2415.4,29101.4,,,0,0,0,0,0,0,25.1,0,0,0,0,653,0,0,0,318.4,28.8,0,0,0,44.6,0,0,1132.3,464.5,0,0,0
2013,7/16/2013,LK,P,38,Cliff Green,381,852.4,8246,24654.7,29042.9,1351.3,4912.1,0,0,1039,0,26267.7,1540.1,0,12447,16595.9,0,0,0,0,0,0,0,0,0,0,0,502.8,0,0,0,0,0,0,0,0,25.1,0,0,918.5,603.8,0,0,0
2014,8/8/2014,LK,P,38,Cliff Green,381,882,6321.8,35863.8,35587.9,1326.1,2529.3,0,0,996,0,28776.2,1060.9,0,31777,3810.9,0,0,0,0,0,0,0,0,0,0,0,170.1,0,0,0,0,0,0,0,0,0,0,0,135.3,626,0,0,0
2015,8/6/2015,LK,P,38,Cliff Green,381,768.4,6841.4,16497.5,26514.8,957.5,2567.2,436.3,0,1773.6,0,26173.7,796.9,0,26514.8,0,0,0,0,0,0,0,0,0,0,0,0,0,0,0,0,0,0,0,0,0,25.1,0,0,379.7,0,0,0,0
2016,9/17/2016,LK,P,38,Cliff Green,381,614.9,8135.6,13092.5,34331.2,1058.8,3462.8,0,0,226.6,0,29990.3,880.3,0,34331.2,0,0,0,0,0,0,0,0,0,0,0,0,0,0,0,0,0,0,0,0,0,0,0,0,571.9,0,0,0,0
2017,8/20/2017,LK,P,38,Cliff Green,381,178.7,4550,29070.4,15682.4,1103.6,0,0,0,0,0,13424.3,923.9,0,15682.4,0,0,0,0,0,0,0,0,0,0,0,0,0,0,0,0,0,0,0,0,0,0,0,0,822.3,0,0,0,0
2018,8/9/2018,LK,P,38,Cliff Green,381,354.2,8195,29288.3,23262.9,1761.9,1471,0,136.6,306.5,0,21466.7,974.2,0,23262.9,0,0,0,0,0,0,0,0,0,0,0,0,0,0,0,0,0,0,0,0,0,0,0,0,331.5,0,0,0,0
2019,7/16/2019,LK,P,38,Cliff Green,381,658.2,7920.4,22614.5,33221.3,0,1537,1866.2,13.9,0,0,36749,631.8,0,33221.3,0,0,0,0,0,0,0,0,0,0,0,0,0,0,0,0,0,0,0,0,0,0,0,0,557.7,0,0,0,0
2020,9/16/2020,LK,P,38,Cliff Green,381,0,8083.2,22876.6,12911.4,0,0,0,0,0,0,21279.9,1307,0,12911.4,0,0,0,0,0,0,0,0,0,0,0,0,0,0,0,0,0,0,0,0,0,0,0,0,678.9,0,0,0,0
2021,7/17/2021,LK,P,38,Cliff Green,381,0,9519.4,28352.3,6492.6,0,0,0,0,0,0,28240.9,1412,0,6492.6,0,0,0,0,0,0,0,0,0,0,0,0,0,0,0,0,0,0,0,0,0,0,0,0,724.5,0,0,0,0
2022,6/7/2022,LK,P,38,Cliff Green,381,0,7789.5,9580.9,7136,0,0,0,0,0,0,27422.3,639.2,0,7136,0,0,0,0,0,0,0,0,0,0,0,0,0,0,0,0,0,0,0,0,0,0,0,0,0,0,0,0,0
2023,6/7/2023,LK,P,38,Cliff Green,381,0,9087.5,24805.2,6367.9,0,0,0,0,0,0,24710.3,1225.6,0,6367.9,0,0,0,0,0,0,0,0,0,0,0,0,0,0,0,0,0,0,0,0,0,0,0,0,427,0,0,0,0
2011,7/20/2011,LK,P,38,Cliff Green,382,608.9,2942.3,61322.2,2634.3,4299.3,4146.5,0,0,4370.3,1928.1,18661.4,650.7,2634.3,,,1883.1,0,0,45,0,0,17.4,0,0,0,0,0,0,0,0,1467,0,0,0,0,0,0,0,0,103.5,0,0,0
2012,7/18/2012,LK,P,38,Cliff Green,382,410.6,3728,98963.3,100.3,1744.2,851.6,0,25.1,23832,1328.6,19288.1,1153.4,100.3,,,1271.3,0,0,57.3,0,0,0,0,0,0,0,0,0,0,0,1010.5,0,0,0,0,0,0,0,0,0,0,0,0
2013,7/16/2013,LK,P,38,Cliff Green,382,1524.6,4541.4,82576.5,3500.5,3186.2,5677.7,0,84.4,7228.2,2105.1,30380.1,1130.5,691.1,2809.4,0,2004.9,0,0,100.2,0,0,0,0,0,0,0,0,0,0,0,927.5,0,0,0,0,0,0,0,0,0,0,0,0
2014,8/8/2014,LK,P,38,Cliff Green,382,198,4453.3,66818.4,3614.3,1323.2,5575.8,0,171.7,0,2189.2,22254.2,1119.5,0,3614.3,0,2088.7,0,0,100.5,0,0,0,0,0,0,0,0,0,0,0,0,0,0,0,0,0,0,0,0,0,0,0,0
2015,8/6/2015,LK,P,38,Cliff Green,382,54.7,4813.1,59708.8,1402.9,2297.3,3939.9,0,176.3,5882.6,2927,25435,408.5,739.6,663.3,0,2927,0,0,0,0,0,0,0,0,0,0,0,0,0,0,82.9,0,0,0,0,0,0,0,0,0,0,0,0
2016,9/17/2016,LK,P,38,Cliff Green,382,281.7,7077.1,62605,3701.9,2844,18495.6,0,169.5,0,2231.7,25523.2,1059.1,549.5,3152.4,0,2231.7,0,0,0,0,0,0,0,0,0,0,0,0,0,0,0,0,0,0,0,0,0,0,0,0,0,0,0
2017,8/20/2017,LK,P,38,Cliff Green,382,159.6,5804.3,59626.2,1690.8,2251.7,4605.9,0,167.3,0,1885.2,27255.8,736.8,0,1690.8,0,1885.2,0,0,0,0,0,0,0,0,0,0,0,0,0,0,0,0,0,0,0,0,0,0,0,0,0,0,0
2018,8/9/2018,LK,P,38,Cliff Green,382,129.2,4669.3,64941,0,1907.8,3125,0,0,3375.9,1994.9,21878.1,539.6,0,0,0,1994.9,0,0,0,0,0,0,0,0,0,0,0,0,0,0,0,0,0,0,0,0,0,0,0,45,0,0,0
2019,7/16/2019,LK,P,38,Cliff Green,382,0,5136,67385,0,1179.6,4521.4,0,0,0,2828.8,24925.6,978.1,0,0,0,2770.3,0,0,58.5,0,0,0,0,0,0,0,0,0,0,0,0,0,0,0,0,0,0,0,59.1,0,0,0,0
2020,9/16/2020,LK,P,38,Cliff Green,382,0,8477.9,18337,1259.6,0,0,0,0,0,0,23183.3,2351.9,0,1259.6,0,0,0,0,0,0,0,0,0,0,0,0,0,0,0,0,0,0,0,0,0,0,0,0,120.2,0,0,0,0
2021,7/17/2021,LK,P,38,Cliff Green,382,0,8377.9,26346.1,703.7,0,0,0,0,0,0,25182.1,1789.1,0,703.7,0,0,0,0,0,0,0,0,0,0,0,0,0,0,0,0,0,0,0,0,0,0,0,0,0,0,0,0,0
2022,6/7/2022,LK,P,38,Cliff Green,382,0,6378.6,23131.6,834.1,0,0,0,0,0,0,17680.4,2031.5,0,834.1,0,0,0,0,0,0,0,0,0,0,0,0,0,0,0,0,0,0,0,0,0,0,0,0,0,0,0,0,0
2023,6/7/2023,LK,P,38,Cliff Green,382,0,6364.3,20106.2,340.6,0,2035.5,0,0,0,0,20972.5,1393.5,0,340.6,0,0,0,0,0,0,0,0,0,0,0,0,0,0,0,0,0,0,0,0,0,0,0,0,0,0,0,0,0
2011,7/20/2011,LK,P,38,Cliff Green,383,158,5618.7,64444.5,16878.7,1692.7,13523.4,0,0,434.2,275.7,19689.1,922.1,16878.7,,,0,138.6,0,137.1,0,0,0,0,0,0,0,0,0,0,0,158.7,0,0,0,0,25.1,0,17.4,1687.9,55.7,0,0,0
2012,7/18/2012,LK,P,38,Cliff Green,383,177.1,6107.7,62533.5,14295.6,890.5,14656.1,547.3,0,368.1,201.1,21484.3,1359,14295.6,,,0,0,0,201.1,0,0,0,0,100.2,0,0,0,0,0,0,268.4,0,0,0,0,17.4,0,0,2832.9,82.9,0,0,0
2013,7/16/2013,LK,P,38,Cliff Green,383,0,4910.7,47989.2,11745.9,979.7,14720.5,69.8,0,0,177.9,23340.3,2081.1,0,11745.9,0,0,0,0,177.9,0,0,27.3,0,0,0,0,0,0,0,0,114.1,0,0,0,0,25.1,0,25.1,0,503.6,0,0,0
2014,8/8/2014,LK,P,38,Cliff Green,383,406.8,7414.7,78289.2,21750.6,1732.5,18744.9,0,337.8,434.5,225.7,25322.8,2708,0,21750.6,0,0,0,225.7,0,0,0,0,0,0,0,0,0,0,0,0,0,0,0,0,0,0,0,0,2119.3,0,0,0,0
2015,8/6/2015,LK,P,38,Cliff Green,383,252,6666.1,58424.7,17556.3,2226,11956.6,0,424.7,280.8,0,26036.6,2668.8,3447.3,13351.8,757.2,0,0,0,0,0,0,0,0,0,0,0,0,0,0,0,0,0,0,0,0,0,0,0,2493.8,117.4,0,0,0
2016,9/17/2016,LK,P,38,Cliff Green,383,212.6,4940.4,40969.5,13524.9,1653.6,8672.7,0,0,0,279.4,26395.3,1186.8,0,13524.9,0,0,0,0,279.4,0,0,0,0,0,0,0,0,0,0,0,0,0,0,0,0,0,0,0,0,0,0,0,0
2017,8/20/2017,LK,P,38,Cliff Green,383,140.2,7529.5,51180.3,19859.3,937,8205.5,667.7,0,173.7,333,30526.1,2186.1,2716,17143.3,0,0,0,333,0,0,0,0,0,0,0,0,0,0,0,0,0,0,0,0,0,0,0,0,2148.4,0,0,0,0
2018,8/9/2018,LK,P,38,Cliff Green,383,69.8,7203.7,41538.6,12469.6,1220.8,11129.9,811.2,0,165.1,506.8,33141.9,1656.3,0,12469.6,0,0,0,0,506.8,0,0,0,0,0,0,0,0,0,0,0,0,0,0,0,0,0,0,0,0,0,0,0,0
2019,7/16/2019,LK,P,38,Cliff Green,383,0,8124.4,65580.5,20270.1,1363,13634.5,536.1,303.9,0,469.8,26694.8,3140.2,4232.6,16037.5,0,0,0,0,469.8,0,0,0,0,0,0,0,0,0,0,0,0,0,0,0,0,0,0,0,0,0,0,0,0
2020,9/15/2020,LK,P,38,Cliff Green,383,0,7024.1,21152.8,14310.1,0,0,0,0,0,0,21034.5,3865,0,14310.1,0,0,0,0,0,0,0,0,0,0,0,0,0,0,0,0,0,0,0,0,0,0,0,0,0,0,0,0,0
2021,7/17/2021,LK,P,38,Cliff Green,383,0,7549.5,21582,18560.7,0,0,0,0,0,0,23337.4,3331.9,0,18560.7,0,0,0,0,0,0,0,0,0,0,0,0,0,0,0,0,0,0,0,0,0,0,0,0,0,0,0,0,0
2022,6/7/2022,LK,P,38,Cliff Green,383,0,7232.7,17663.8,15345.3,0,0,0,0,0,0,23274.3,2087.8,0,15345.3,0,0,0,0,0,0,0,0,0,0,0,0,0,0,0,0,0,0,0,0,0,0,0,0,0,0,0,0,0
2023,6/7/2023,LK,P,38,Cliff Green,383,0,7374,8311.9,9844.7,0,0,0,0,0,0,20684.2,1392.3,0,9844.7,0,0,0,0,0,0,0,0,0,0,0,0,0,0,0,0,0,0,0,0,0,0,0,0,0,0,0,0,0
2011,7/20/2011,LK,P,38,Cliff Green,384,84.1,4637.9,25021.8,5643.9,277.9,29302,0,0,0,0,20445.9,2154.7,5643.9,,,0,0,0,0,0,0,0,0,0,0,0,3044.8,0,0,0,895,1409.4,0,0,0,0,0,0,1189,62.4,0,0,0
2012,7/18/2012,LK,P,38,Cliff Green,384,249.2,5777.6,31079.6,6610.9,293.2,26961.9,548.5,0,0,25.1,14453.1,2635.8,6610.9,,,0,0,0,25.1,0,0,0,0,0,0,0,0,0,0,0,1467.8,0,0,2158.7,0,0,0,0,251.7,38.3,0,0,0
2013,7/16/2013,LK,P,38,Cliff Green,384,201.1,6725.1,22278.1,2227.9,827.7,25124.8,0,0,0,0,18620.5,2021.9,0,2227.9,0,0,0,0,0,0,0,0,0,0,0,0,0,0,0,0,156.1,876.6,0,0,0,0,0,208.7,364.6,404.7,0,0,0
2014,8/8/2014,LK,P,38,Cliff Green,384,0,6605,24796.2,3242.7,860.6,32284.6,125.4,0,0,0,25914.3,2350.6,0,3242.7,0,0,0,0,0,0,0,0,0,0,0,0,81,0,0,0,137.6,0,0,0,0,34.2,0,0,470.6,42.3,0,0,0
2015,8/6/2015,LK,P,38,Cliff Green,384,575.2,7366.8,20637.3,1759,1231.4,11917.5,0,0,0,0,25605.3,2902.9,0,1759,0,0,0,0,0,0,0,0,0,0,0,0,0,0,0,0,0,0,0,0,0,0,0,0,764.5,0,0,0,0
2016,9/17/2016,LK,P,38,Cliff Green,384,527.5,7775.9,17620.9,3250.9,3846.7,9308.8,0,0,0,0,27066,2310,0,3250.9,0,0,0,0,0,0,0,0,0,0,0,0,0,0,0,0,0,0,0,0,0,0,0,0,1055.9,34.3,0,0,0
2017,8/20/2017,LK,P,38,Cliff Green,384,377.6,9373.4,22038.6,3458.7,1579.8,12136.5,0,0,0,0,25855.3,2889.4,0,3458.7,0,0,0,0,0,0,0,0,0,0,0,0,1000.6,0,0,0,0,0,0,0,0,0,0,0,495.6,0,0,0,0
2018,8/9/2018,LK,P,38,Cliff Green,384,710.1,8986,26044,1613,1226.8,2657,0,0,0,0,25027.8,2145.9,0,1613,0,0,0,0,0,0,0,0,0,0,0,0,0,0,0,0,0,0,0,0,0,0,0,78.4,907.9,25.1,0,0,0
2019,7/16/2019,LK,P,38,Cliff Green,384,239.8,7542.2,22712.3,2290.9,1406.4,4729.1,0,0,0,0,21844,2870.5,0,2290.9,0,0,0,0,0,0,0,0,0,0,0,0,0,0,0,0,0,0,0,0,0,0,0,0,0,0,0,0,0
2020,9/15/2020,LK,P,38,Cliff Green,384,0,10373.1,15925.2,0,0,0,0,0,0,0,21770.9,2881.9,0,0,0,0,0,0,0,0,0,0,0,0,0,0,112,0,0,0,0,0,0,0,0,0,0,0,0,0,0,0,0
2021,7/17/2021,LK,P,38,Cliff Green,384,0,9743.6,18637.6,691.8,0,0,0,0,0,0,21080.9,4119.4,0,691.8,0,0,0,0,0,0,0,0,0,0,0,0,0,0,0,0,0,0,0,0,0,0,0,0,0,0,0,0,0
2022,6/7/2022,LK,P,38,Cliff Green,384,34.2,9642.7,20945.9,976.8,0,0,0,0,0,0,19939.5,3643.8,0,976.8,0,0,0,0,0,0,0,0,0,0,0,0,117.9,0,0,0,0,0,0,0,0,0,0,0,0,0,0,0,0
2023,6/7/2023,LK,P,38,Cliff Green,384,148.7,11364.5,13702.7,111.3,0,0,0,0,0,0,18386.8,2924.2,0,111.3,0,0,0,0,0,0,0,0,0,0,0,0,178.7,0,0,0,0,0,0,0,0,0,0,0,0,0,0,0,0
